SRR032273.fastq.gz	blood
SRR032276.fastq.gz	blood
SRR032277.fastq.gz	blood
SRR032278.fastq.gz	blood
SRR034203.fastq.gz	blood
SRR039628.fastq.gz	brain
SRR039629.fastq.gz	brain
SRR039630.fastq.gz	brain
SRR039631.fastq.gz	brain
SRR039632.fastq.gz	brain
SRR039633.fastq.gz	brain
SRR066462.fastq.gz	brain
SRR066463.fastq.gz	brain
SRR066464.fastq.gz	brain
SRR066465.fastq.gz	brain
SRR066466.fastq.gz	brain
SRR066467.fastq.gz	brain
SRR066468.fastq.gz	brain
SRR095854.fastq.gz	brain
SRR1002075.fastq.gz	breast
SRR1002076.fastq.gz	breast
SRR1002077.fastq.gz	breast
SRR1002078.fastq.gz	breast
SRR1002079.fastq.gz	breast
SRR1002080.fastq.gz	breast
SRR1002081.fastq.gz	breast
SRR1002082.fastq.gz	breast
SRR1002083.fastq.gz	breast
SRR1002084.fastq.gz	breast
SRR1002085.fastq.gz	breast
SRR1002086.fastq.gz	breast
SRR1002087.fastq.gz	breast
SRR1002088.fastq.gz	breast
SRR1002089.fastq.gz	breast
SRR1002090.fastq.gz	breast
SRR1002091.fastq.gz	breast
SRR1002092.fastq.gz	breast
SRR1002093.fastq.gz	breast
SRR1002094.fastq.gz	breast
SRR1002095.fastq.gz	breast
SRR1002096.fastq.gz	breast
SRR1002097.fastq.gz	breast
SRR1002098.fastq.gz	breast
SRR1002099.fastq.gz	breast
SRR1002100.fastq.gz	breast
SRR1002101.fastq.gz	breast
SRR1012314.fastq.gz	blood
SRR1012315.fastq.gz	blood
SRR1012316.fastq.gz	blood
SRR1012317.fastq.gz	blood
SRR1012318.fastq.gz	blood
SRR1012319.fastq.gz	blood
SRR1012320.fastq.gz	blood
SRR1012321.fastq.gz	blood
SRR1012322.fastq.gz	blood
SRR1012323.fastq.gz	blood
SRR1012324.fastq.gz	blood
SRR1012325.fastq.gz	blood
SRR1012326.fastq.gz	blood
SRR1012327.fastq.gz	blood
SRR1012328.fastq.gz	blood
SRR1012329.fastq.gz	blood
SRR1012330.fastq.gz	blood
SRR1012331.fastq.gz	blood
SRR1012332.fastq.gz	blood
SRR1012333.fastq.gz	blood
SRR1012334.fastq.gz	blood
SRR1012335.fastq.gz	blood
SRR1012336.fastq.gz	blood
SRR1013488.fastq.gz	breast
SRR1023790.fastq.gz	breast
SRR1023791.fastq.gz	breast
SRR1023792.fastq.gz	breast
SRR1023793.fastq.gz	breast
SRR1023794.fastq.gz	breast
SRR1023795.fastq.gz	breast
SRR1023796.fastq.gz	breast
SRR1023797.fastq.gz	breast
SRR1023798.fastq.gz	breast
SRR1023799.fastq.gz	breast
SRR1023800.fastq.gz	breast
SRR1024048.fastq.gz	breast
SRR1024120.fastq.gz	brain
SRR1024121.fastq.gz	brain
SRR1024122.fastq.gz	brain
SRR1024123.fastq.gz	brain
SRR1024124.fastq.gz	brain
SRR1024125.fastq.gz	brain
SRR1024126.fastq.gz	brain
SRR1024127.fastq.gz	brain
SRR1024128.fastq.gz	brain
SRR1024129.fastq.gz	brain
SRR1024130.fastq.gz	brain
SRR1024131.fastq.gz	brain
SRR1024132.fastq.gz	brain
SRR1024133.fastq.gz	brain
SRR1024134.fastq.gz	brain
SRR1024135.fastq.gz	brain
SRR1024136.fastq.gz	brain
SRR1024137.fastq.gz	brain
SRR1024138.fastq.gz	brain
SRR1024139.fastq.gz	brain
SRR1024140.fastq.gz	brain
SRR1024141.fastq.gz	brain
SRR1024156.fastq.gz	blood
SRR1024157.fastq.gz	blood
SRR1027171.fastq.gz	breast
SRR1027172.fastq.gz	breast
SRR1027173.fastq.gz	breast
SRR1027174.fastq.gz	breast
SRR1027175.fastq.gz	breast
SRR1027176.fastq.gz	breast
SRR1027177.fastq.gz	breast
SRR1027178.fastq.gz	breast
SRR1027179.fastq.gz	breast
SRR1027180.fastq.gz	breast
SRR1027181.fastq.gz	breast
SRR1027182.fastq.gz	breast
SRR1027183.fastq.gz	breast
SRR1027184.fastq.gz	breast
SRR1027185.fastq.gz	breast
SRR1027186.fastq.gz	breast
SRR1027187.fastq.gz	breast
SRR1027188.fastq.gz	breast
SRR1027189.fastq.gz	breast
SRR1027190.fastq.gz	breast
SRR1029672.fastq.gz	breast
SRR1029673.fastq.gz	breast
SRR1029674.fastq.gz	breast
SRR1029675.fastq.gz	breast
SRR1029676.fastq.gz	breast
SRR1029677.fastq.gz	breast
SRR1030492.fastq.gz	brain
SRR1030493.fastq.gz	brain
SRR1030494.fastq.gz	brain
SRR1030495.fastq.gz	brain
SRR1030496.fastq.gz	brain
SRR1030497.fastq.gz	brain
SRR1030498.fastq.gz	brain
SRR1030499.fastq.gz	brain
SRR1033463.fastq.gz	breast
SRR1033464.fastq.gz	breast
SRR1033465.fastq.gz	breast
SRR1033466.fastq.gz	breast
SRR1033467.fastq.gz	breast
SRR1033468.fastq.gz	breast
SRR1035695.fastq.gz	breast
SRR1035696.fastq.gz	breast
SRR1035697.fastq.gz	breast
SRR1035698.fastq.gz	breast
SRR1035699.fastq.gz	breast
SRR1035700.fastq.gz	breast
SRR1035701.fastq.gz	breast
SRR1035702.fastq.gz	breast
SRR1036961.fastq.gz	breast
SRR1036962.fastq.gz	breast
SRR1036963.fastq.gz	breast
SRR1036964.fastq.gz	breast
SRR1036965.fastq.gz	breast
SRR1036966.fastq.gz	breast
SRR1036967.fastq.gz	breast
SRR1036968.fastq.gz	breast
SRR1036969.fastq.gz	breast
SRR1041794.fastq.gz	blood
SRR1047813.fastq.gz	brain
SRR1047814.fastq.gz	brain
SRR1047815.fastq.gz	brain
SRR1047816.fastq.gz	brain
SRR1047817.fastq.gz	brain
SRR1047818.fastq.gz	brain
SRR1047819.fastq.gz	brain
SRR1047820.fastq.gz	brain
SRR1047821.fastq.gz	brain
SRR1047822.fastq.gz	brain
SRR1047823.fastq.gz	brain
SRR1047824.fastq.gz	brain
SRR1047825.fastq.gz	brain
SRR1047826.fastq.gz	brain
SRR1047827.fastq.gz	brain
SRR1047828.fastq.gz	brain
SRR1047829.fastq.gz	brain
SRR1047830.fastq.gz	brain
SRR1047831.fastq.gz	brain
SRR1047832.fastq.gz	brain
SRR1047833.fastq.gz	brain
SRR1047834.fastq.gz	brain
SRR1047835.fastq.gz	brain
SRR1047836.fastq.gz	brain
SRR1047837.fastq.gz	brain
SRR1047838.fastq.gz	brain
SRR1047839.fastq.gz	brain
SRR1047840.fastq.gz	brain
SRR1047841.fastq.gz	brain
SRR1047842.fastq.gz	brain
SRR1047843.fastq.gz	brain
SRR1047844.fastq.gz	brain
SRR1047845.fastq.gz	brain
SRR1047846.fastq.gz	brain
SRR1047847.fastq.gz	brain
SRR1047848.fastq.gz	brain
SRR1047849.fastq.gz	brain
SRR1047850.fastq.gz	brain
SRR1047851.fastq.gz	brain
SRR1047852.fastq.gz	brain
SRR1047853.fastq.gz	brain
SRR1047854.fastq.gz	brain
SRR1047855.fastq.gz	brain
SRR1047856.fastq.gz	brain
SRR1047857.fastq.gz	brain
SRR1047858.fastq.gz	brain
SRR1047859.fastq.gz	brain
SRR1047860.fastq.gz	brain
SRR1047861.fastq.gz	brain
SRR1047862.fastq.gz	brain
SRR1047863.fastq.gz	brain
SRR1047864.fastq.gz	brain
SRR1047865.fastq.gz	brain
SRR1047866.fastq.gz	brain
SRR1047867.fastq.gz	brain
SRR1047868.fastq.gz	brain
SRR1047869.fastq.gz	brain
SRR1047870.fastq.gz	brain
SRR1047871.fastq.gz	brain
SRR1047872.fastq.gz	brain
SRR1047873.fastq.gz	brain
SRR1047874.fastq.gz	brain
SRR1049407.fastq.gz	breast
SRR1049408.fastq.gz	breast
SRR1050945.fastq.gz	breast
SRR1050946.fastq.gz	breast
SRR1050947.fastq.gz	breast
SRR1050948.fastq.gz	breast
SRR1050949.fastq.gz	breast
SRR1050950.fastq.gz	breast
SRR1050951.fastq.gz	breast
SRR1050952.fastq.gz	breast
SRR1050953.fastq.gz	breast
SRR1050954.fastq.gz	breast
SRR1055983.fastq.gz	breast
SRR1055984.fastq.gz	breast
SRR1057978.fastq.gz	blood
SRR1057979.fastq.gz	blood
SRR1057980.fastq.gz	blood
SRR1057981.fastq.gz	blood
SRR1057982.fastq.gz	blood
SRR1057983.fastq.gz	blood
SRR1057984.fastq.gz	blood
SRR1057985.fastq.gz	blood
SRR1057986.fastq.gz	blood
SRR1057987.fastq.gz	blood
SRR1057988.fastq.gz	blood
SRR1057989.fastq.gz	blood
SRR1057990.fastq.gz	blood
SRR1057991.fastq.gz	blood
SRR1057992.fastq.gz	blood
SRR1060753.fastq.gz	blood
SRR1060754.fastq.gz	blood
SRR1060755.fastq.gz	blood
SRR1060756.fastq.gz	blood
SRR1060757.fastq.gz	blood
SRR1060758.fastq.gz	blood
SRR1060759.fastq.gz	blood
SRR1060760.fastq.gz	blood
SRR1060761.fastq.gz	blood
SRR1060762.fastq.gz	blood
SRR1060763.fastq.gz	blood
SRR1060764.fastq.gz	blood
SRR1060765.fastq.gz	blood
SRR1060766.fastq.gz	blood
SRR1060767.fastq.gz	blood
SRR1060768.fastq.gz	blood
SRR1060769.fastq.gz	blood
SRR1060770.fastq.gz	blood
SRR1060771.fastq.gz	blood
SRR1060772.fastq.gz	blood
SRR1060773.fastq.gz	blood
SRR1060774.fastq.gz	blood
SRR1060775.fastq.gz	blood
SRR1060776.fastq.gz	blood
SRR1060777.fastq.gz	blood
SRR1060778.fastq.gz	blood
SRR1060779.fastq.gz	blood
SRR1060780.fastq.gz	blood
SRR1060781.fastq.gz	blood
SRR1060782.fastq.gz	blood
SRR1060783.fastq.gz	blood
SRR1060784.fastq.gz	blood
SRR1060785.fastq.gz	blood
SRR1060786.fastq.gz	blood
SRR1060787.fastq.gz	blood
SRR1060788.fastq.gz	blood
SRR1060789.fastq.gz	blood
SRR1060790.fastq.gz	blood
SRR1060791.fastq.gz	blood
SRR1060792.fastq.gz	blood
SRR1060793.fastq.gz	blood
SRR1060794.fastq.gz	blood
SRR1060795.fastq.gz	blood
SRR1060796.fastq.gz	blood
SRR1060797.fastq.gz	blood
SRR1060798.fastq.gz	blood
SRR1060799.fastq.gz	blood
SRR1066622.fastq.gz	blood
SRR1066623.fastq.gz	blood
SRR1066624.fastq.gz	blood
SRR1066625.fastq.gz	blood
SRR1066626.fastq.gz	blood
SRR1066627.fastq.gz	blood
SRR1066628.fastq.gz	blood
SRR1066629.fastq.gz	blood
SRR1066630.fastq.gz	blood
SRR1066631.fastq.gz	blood
SRR1066632.fastq.gz	blood
SRR1066633.fastq.gz	blood
SRR1066634.fastq.gz	blood
SRR1066635.fastq.gz	blood
SRR1066636.fastq.gz	blood
SRR1066637.fastq.gz	blood
SRR1066638.fastq.gz	blood
SRR1066639.fastq.gz	blood
SRR1066640.fastq.gz	blood
SRR1066641.fastq.gz	blood
SRR1067911.fastq.gz	breast
SRR1067912.fastq.gz	breast
SRR1067913.fastq.gz	breast
SRR1067914.fastq.gz	breast
SRR1067915.fastq.gz	breast
SRR1067916.fastq.gz	breast
SRR1067917.fastq.gz	breast
SRR1067918.fastq.gz	breast
SRR1067919.fastq.gz	breast
SRR1067920.fastq.gz	breast
SRR1067921.fastq.gz	breast
SRR1067922.fastq.gz	breast
SRR1067923.fastq.gz	breast
SRR1067924.fastq.gz	breast
SRR1067925.fastq.gz	breast
SRR1106195.fastq.gz	blood
SRR1106196.fastq.gz	blood
SRR1106197.fastq.gz	blood
SRR1106198.fastq.gz	blood
SRR1106199.fastq.gz	blood
SRR1106200.fastq.gz	blood
SRR1106201.fastq.gz	blood
SRR1106202.fastq.gz	blood
SRR1106203.fastq.gz	blood
SRR1106204.fastq.gz	blood
SRR1107833.fastq.gz	breast
SRR1107834.fastq.gz	breast
SRR1107835.fastq.gz	breast
SRR1120098.fastq.gz	breast
SRR1120099.fastq.gz	breast
SRR1143450.fastq.gz	blood
SRR1143451.fastq.gz	blood
SRR1174330.fastq.gz	breast
SRR1174331.fastq.gz	breast
SRR1174332.fastq.gz	breast
SRR1174333.fastq.gz	breast
SRR1174334.fastq.gz	breast
SRR1174335.fastq.gz	breast
SRR1174336.fastq.gz	breast
SRR1174337.fastq.gz	breast
SRR1174338.fastq.gz	breast
SRR1186052.fastq.gz	blood
SRR1186053.fastq.gz	blood
SRR1186054.fastq.gz	blood
SRR1186055.fastq.gz	blood
SRR1186056.fastq.gz	blood
SRR1186057.fastq.gz	blood
SRR1186058.fastq.gz	blood
SRR1186059.fastq.gz	blood
SRR1193564.fastq.gz	breast
SRR1193565.fastq.gz	breast
SRR1193566.fastq.gz	breast
SRR1193567.fastq.gz	breast
SRR1193568.fastq.gz	breast
SRR1193569.fastq.gz	breast
SRR1193570.fastq.gz	breast
SRR1193571.fastq.gz	breast
SRR1193572.fastq.gz	breast
SRR1193573.fastq.gz	breast
SRR1193574.fastq.gz	breast
SRR1193575.fastq.gz	breast
SRR1200498.fastq.gz	blood
SRR1200499.fastq.gz	blood
SRR1200500.fastq.gz	blood
SRR1200501.fastq.gz	blood
SRR1200502.fastq.gz	blood
SRR1200503.fastq.gz	blood
SRR1200504.fastq.gz	blood
SRR1200505.fastq.gz	blood
SRR1200506.fastq.gz	blood
SRR1200507.fastq.gz	blood
SRR1200508.fastq.gz	blood
SRR1200509.fastq.gz	blood
SRR1200510.fastq.gz	blood
SRR1200511.fastq.gz	blood
SRR1200512.fastq.gz	blood
SRR1200513.fastq.gz	blood
SRR1200514.fastq.gz	blood
SRR1200515.fastq.gz	blood
SRR1200516.fastq.gz	blood
SRR1283038.fastq.gz	breast
SRR1285995.fastq.gz	breast
SRR1285996.fastq.gz	breast
SRR1285997.fastq.gz	breast
SRR1285998.fastq.gz	breast
SRR1286927.fastq.gz	blood
SRR1286928.fastq.gz	blood
SRR1286929.fastq.gz	blood
SRR1286930.fastq.gz	blood
SRR1292576.fastq.gz	brain
SRR1292577.fastq.gz	brain
SRR1292578.fastq.gz	brain
SRR1292579.fastq.gz	brain
SRR1292580.fastq.gz	brain
SRR1292581.fastq.gz	brain
SRR1292582.fastq.gz	brain
SRR1292583.fastq.gz	brain
SRR1292584.fastq.gz	brain
SRR1294095.fastq.gz	blood
SRR1294096.fastq.gz	blood
SRR1294097.fastq.gz	blood
SRR1294098.fastq.gz	blood
SRR1294099.fastq.gz	blood
SRR1294100.fastq.gz	blood
SRR1294101.fastq.gz	blood
SRR1294102.fastq.gz	blood
SRR1294103.fastq.gz	blood
SRR1294104.fastq.gz	blood
SRR1294105.fastq.gz	blood
SRR1294106.fastq.gz	blood
SRR1294113.fastq.gz	blood
SRR1294114.fastq.gz	blood
SRR1294115.fastq.gz	blood
SRR1294116.fastq.gz	blood
SRR1294117.fastq.gz	blood
SRR1294118.fastq.gz	blood
SRR1294119.fastq.gz	blood
SRR1294120.fastq.gz	blood
SRR1294121.fastq.gz	blood
SRR1294122.fastq.gz	blood
SRR1300547.fastq.gz	breast
SRR1300548.fastq.gz	breast
SRR1300549.fastq.gz	breast
SRR1300550.fastq.gz	breast
SRR1300551.fastq.gz	breast
SRR1303625.fastq.gz	blood
SRR1303626.fastq.gz	blood
SRR1313062.fastq.gz	breast
SRR1313063.fastq.gz	breast
SRR1313064.fastq.gz	breast
SRR1313065.fastq.gz	breast
SRR1313066.fastq.gz	breast
SRR1313067.fastq.gz	breast
SRR1313068.fastq.gz	breast
SRR1313069.fastq.gz	breast
SRR1313070.fastq.gz	breast
SRR1313071.fastq.gz	breast
SRR1313072.fastq.gz	breast
SRR1313073.fastq.gz	breast
SRR1313074.fastq.gz	breast
SRR1313075.fastq.gz	breast
SRR1313076.fastq.gz	breast
SRR1313077.fastq.gz	breast
SRR1313078.fastq.gz	breast
SRR1313079.fastq.gz	breast
SRR1313080.fastq.gz	breast
SRR1313081.fastq.gz	breast
SRR1313082.fastq.gz	breast
SRR1313083.fastq.gz	breast
SRR1313084.fastq.gz	breast
SRR1313085.fastq.gz	breast
SRR1313086.fastq.gz	breast
SRR1313087.fastq.gz	breast
SRR1313088.fastq.gz	breast
SRR1313089.fastq.gz	breast
SRR1313090.fastq.gz	breast
SRR1313091.fastq.gz	breast
SRR1313092.fastq.gz	breast
SRR1313093.fastq.gz	breast
SRR1313094.fastq.gz	breast
SRR1313095.fastq.gz	breast
SRR1313096.fastq.gz	breast
SRR1313097.fastq.gz	breast
SRR1313098.fastq.gz	breast
SRR1313099.fastq.gz	breast
SRR1313100.fastq.gz	breast
SRR1313101.fastq.gz	breast
SRR1313102.fastq.gz	breast
SRR1313103.fastq.gz	breast
SRR1313104.fastq.gz	breast
SRR1313105.fastq.gz	breast
SRR1313106.fastq.gz	breast
SRR1313107.fastq.gz	breast
SRR1313108.fastq.gz	breast
SRR1313109.fastq.gz	breast
SRR1313110.fastq.gz	breast
SRR1313111.fastq.gz	breast
SRR1313112.fastq.gz	breast
SRR1313113.fastq.gz	breast
SRR1313114.fastq.gz	breast
SRR1313115.fastq.gz	breast
SRR1313116.fastq.gz	breast
SRR1313117.fastq.gz	breast
SRR1313118.fastq.gz	breast
SRR1313119.fastq.gz	breast
SRR1313120.fastq.gz	breast
SRR1313121.fastq.gz	breast
SRR1313122.fastq.gz	breast
SRR1313123.fastq.gz	breast
SRR1313124.fastq.gz	breast
SRR1313125.fastq.gz	breast
SRR1313126.fastq.gz	breast
SRR1313127.fastq.gz	breast
SRR1313128.fastq.gz	breast
SRR1313129.fastq.gz	breast
SRR1313130.fastq.gz	breast
SRR1313131.fastq.gz	breast
SRR1313132.fastq.gz	breast
SRR1313133.fastq.gz	breast
SRR1313134.fastq.gz	breast
SRR1313135.fastq.gz	breast
SRR1313136.fastq.gz	breast
SRR1313137.fastq.gz	breast
SRR1313138.fastq.gz	breast
SRR1313139.fastq.gz	breast
SRR1313140.fastq.gz	breast
SRR1313141.fastq.gz	breast
SRR1313142.fastq.gz	breast
SRR1313143.fastq.gz	breast
SRR1313144.fastq.gz	breast
SRR1313145.fastq.gz	breast
SRR1313146.fastq.gz	breast
SRR1313147.fastq.gz	breast
SRR1313148.fastq.gz	breast
SRR1313149.fastq.gz	breast
SRR1313150.fastq.gz	breast
SRR1313151.fastq.gz	breast
SRR1313152.fastq.gz	breast
SRR1313153.fastq.gz	breast
SRR1313154.fastq.gz	breast
SRR1313155.fastq.gz	breast
SRR1313156.fastq.gz	breast
SRR1313157.fastq.gz	breast
SRR1313158.fastq.gz	breast
SRR1313159.fastq.gz	breast
SRR1313160.fastq.gz	breast
SRR1313161.fastq.gz	breast
SRR1313162.fastq.gz	breast
SRR1313163.fastq.gz	breast
SRR1313164.fastq.gz	breast
SRR1313165.fastq.gz	breast
SRR1313166.fastq.gz	breast
SRR1313167.fastq.gz	breast
SRR1313168.fastq.gz	breast
SRR1313169.fastq.gz	breast
SRR1313170.fastq.gz	breast
SRR1313171.fastq.gz	breast
SRR1313172.fastq.gz	breast
SRR1313173.fastq.gz	breast
SRR1313174.fastq.gz	breast
SRR1313175.fastq.gz	breast
SRR1313176.fastq.gz	breast
SRR1313177.fastq.gz	breast
SRR1313178.fastq.gz	breast
SRR1313179.fastq.gz	breast
SRR1313180.fastq.gz	breast
SRR1313181.fastq.gz	breast
SRR1313182.fastq.gz	breast
SRR1313183.fastq.gz	breast
SRR1313184.fastq.gz	breast
SRR1313185.fastq.gz	breast
SRR1313186.fastq.gz	breast
SRR1313187.fastq.gz	breast
SRR1313188.fastq.gz	breast
SRR1313189.fastq.gz	breast
SRR1313190.fastq.gz	breast
SRR1313191.fastq.gz	breast
SRR1313192.fastq.gz	breast
SRR1313193.fastq.gz	breast
SRR1313194.fastq.gz	breast
SRR1313195.fastq.gz	breast
SRR1313196.fastq.gz	breast
SRR1313197.fastq.gz	breast
SRR1313198.fastq.gz	breast
SRR1313199.fastq.gz	breast
SRR1313200.fastq.gz	breast
SRR1313201.fastq.gz	breast
SRR1313202.fastq.gz	breast
SRR1313203.fastq.gz	breast
SRR1313204.fastq.gz	breast
SRR1313205.fastq.gz	breast
SRR1313206.fastq.gz	breast
SRR1313207.fastq.gz	breast
SRR1313208.fastq.gz	breast
SRR1313209.fastq.gz	breast
SRR1313210.fastq.gz	breast
SRR1313211.fastq.gz	breast
SRR1313212.fastq.gz	breast
SRR1313213.fastq.gz	breast
SRR1313214.fastq.gz	breast
SRR1313215.fastq.gz	breast
SRR1313216.fastq.gz	breast
SRR1313217.fastq.gz	breast
SRR1313218.fastq.gz	breast
SRR1313219.fastq.gz	breast
SRR1313220.fastq.gz	breast
SRR1313221.fastq.gz	breast
SRR1313222.fastq.gz	breast
SRR1313223.fastq.gz	breast
SRR1313224.fastq.gz	breast
SRR1313225.fastq.gz	breast
SRR1313226.fastq.gz	breast
SRR1313227.fastq.gz	breast
SRR1313228.fastq.gz	breast
SRR1313229.fastq.gz	breast
SRR1363852.fastq.gz	breast
SRR1363853.fastq.gz	breast
SRR1363854.fastq.gz	breast
SRR1363855.fastq.gz	breast
SRR1363856.fastq.gz	breast
SRR1363857.fastq.gz	breast
SRR1509730.fastq.gz	breast
SRR1509731.fastq.gz	breast
SRR1509732.fastq.gz	breast
SRR1509733.fastq.gz	breast
SRR1509734.fastq.gz	breast
SRR1509735.fastq.gz	breast
SRR1509736.fastq.gz	breast
SRR1509737.fastq.gz	breast
SRR1509738.fastq.gz	breast
SRR1509739.fastq.gz	breast
SRR1509740.fastq.gz	breast
SRR1509741.fastq.gz	breast
SRR1511596.fastq.gz	breast
SRR1511597.fastq.gz	breast
SRR1511598.fastq.gz	breast
SRR1511599.fastq.gz	breast
SRR1513329.fastq.gz	breast
SRR1513330.fastq.gz	breast
SRR1513331.fastq.gz	breast
SRR1513332.fastq.gz	breast
SRR1513333.fastq.gz	breast
SRR1513334.fastq.gz	breast
SRR1519062.fastq.gz	breast
SRR1519063.fastq.gz	breast
SRR1519064.fastq.gz	breast
SRR1519065.fastq.gz	breast
SRR1519066.fastq.gz	breast
SRR1519067.fastq.gz	breast
SRR1519068.fastq.gz	breast
SRR1519069.fastq.gz	breast
SRR1519070.fastq.gz	breast
SRR223496.fastq.gz	breast
SRR223506.fastq.gz	breast
SRR223524.fastq.gz	breast
SRR223525.fastq.gz	breast
SRR243575.fastq.gz	brain
SRR243576.fastq.gz	brain
SRR243577.fastq.gz	brain
SRR243578.fastq.gz	brain
SRR299027.fastq.gz	brain
SRR299028.fastq.gz	brain
SRR299106.fastq.gz	brain
SRR299107.fastq.gz	brain
SRR299108.fastq.gz	brain
SRR299109.fastq.gz	brain
SRR299110.fastq.gz	brain
SRR299111.fastq.gz	brain
SRR299112.fastq.gz	brain
SRR299113.fastq.gz	brain
SRR299114.fastq.gz	brain
SRR299115.fastq.gz	brain
SRR299116.fastq.gz	brain
SRR306838.fastq.gz	brain
SRR306839.fastq.gz	brain
SRR306840.fastq.gz	brain
SRR306841.fastq.gz	brain
SRR306842.fastq.gz	brain
SRR306843.fastq.gz	brain
SRR306844.fastq.gz	brain
SRR306845.fastq.gz	brain
SRR306846.fastq.gz	brain
SRR306847.fastq.gz	brain
SRR306848.fastq.gz	brain
SRR306849.fastq.gz	brain
SRR306850.fastq.gz	brain
SRR306851.fastq.gz	brain
SRR306852.fastq.gz	brain
SRR306853.fastq.gz	brain
SRR306854.fastq.gz	brain
SRR306855.fastq.gz	brain
SRR306856.fastq.gz	brain
SRR306857.fastq.gz	brain
SRR306858.fastq.gz	brain
SRR307006.fastq.gz	blood
SRR307007.fastq.gz	blood
SRR307008.fastq.gz	blood
SRR309133.fastq.gz	brain
SRR309134.fastq.gz	brain
SRR309135.fastq.gz	brain
SRR309136.fastq.gz	brain
SRR309137.fastq.gz	brain
SRR309138.fastq.gz	brain
SRR309139.fastq.gz	brain
SRR309140.fastq.gz	brain
SRR309141.fastq.gz	brain
SRR309142.fastq.gz	brain
SRR309143.fastq.gz	brain
SRR309144.fastq.gz	brain
SRR309262.fastq.gz	brain
SRR315112.fastq.gz	blood
SRR315113.fastq.gz	blood
SRR315114.fastq.gz	blood
SRR315115.fastq.gz	blood
SRR315116.fastq.gz	blood
SRR332171.fastq.gz	brain
SRR346062.fastq.gz	blood
SRR346063.fastq.gz	blood
SRR346064.fastq.gz	blood
SRR346065.fastq.gz	blood
SRR346066.fastq.gz	blood
SRR346067.fastq.gz	blood
SRR346068.fastq.gz	blood
SRR346069.fastq.gz	blood
SRR346070.fastq.gz	blood
SRR350976.fastq.gz	breast
SRR353602.fastq.gz	breast
SRR353603.fastq.gz	breast
SRR353604.fastq.gz	breast
SRR353635.fastq.gz	blood
SRR353636.fastq.gz	blood
SRR353637.fastq.gz	blood
SRR353638.fastq.gz	blood
SRR353639.fastq.gz	blood
SRR353640.fastq.gz	blood
SRR353641.fastq.gz	blood
SRR353642.fastq.gz	blood
SRR353643.fastq.gz	blood
SRR353644.fastq.gz	blood
SRR353645.fastq.gz	blood
SRR353646.fastq.gz	blood
SRR353647.fastq.gz	blood
SRR353648.fastq.gz	blood
SRR353649.fastq.gz	blood
SRR353650.fastq.gz	blood
SRR353651.fastq.gz	blood
SRR353652.fastq.gz	blood
SRR353653.fastq.gz	blood
SRR353654.fastq.gz	blood
SRR353948.fastq.gz	breast
SRR358976.fastq.gz	blood
SRR359290.fastq.gz	brain
SRR359291.fastq.gz	brain
SRR364001.fastq.gz	blood
SRR364003.fastq.gz	blood
SRR364004.fastq.gz	blood
SRR364005.fastq.gz	blood
SRR364065.fastq.gz	blood
SRR364705.fastq.gz	breast
SRR387394.fastq.gz	blood
SRR388226.fastq.gz	breast
SRR388227.fastq.gz	breast
SRR388228.fastq.gz	breast
SRR388229.fastq.gz	breast
SRR393760.fastq.gz	blood
SRR393761.fastq.gz	blood
SRR393762.fastq.gz	blood
SRR393763.fastq.gz	blood
SRR393764.fastq.gz	blood
SRR393765.fastq.gz	blood
SRR393766.fastq.gz	blood
SRR393767.fastq.gz	blood
SRR393768.fastq.gz	blood
SRR408751.fastq.gz	blood
SRR408752.fastq.gz	blood
SRR408753.fastq.gz	blood
SRR408754.fastq.gz	blood
SRR408755.fastq.gz	blood
SRR408756.fastq.gz	blood
SRR424591.fastq.gz	blood
SRR445374.fastq.gz	blood
SRR449330.fastq.gz	breast
SRR449331.fastq.gz	breast
SRR449332.fastq.gz	breast
SRR449333.fastq.gz	breast
SRR449334.fastq.gz	breast
SRR449335.fastq.gz	breast
SRR449336.fastq.gz	breast
SRR449337.fastq.gz	breast
SRR449360.fastq.gz	blood
SRR449361.fastq.gz	blood
SRR492714.fastq.gz	brain
SRR496394.fastq.gz	breast
SRR496395.fastq.gz	breast
SRR496397.fastq.gz	breast
SRR496398.fastq.gz	breast
SRR497699.fastq.gz	blood
SRR497700.fastq.gz	blood
SRR497701.fastq.gz	blood
SRR497702.fastq.gz	blood
SRR497703.fastq.gz	blood
SRR497704.fastq.gz	blood
SRR497705.fastq.gz	blood
SRR497706.fastq.gz	blood
SRR497707.fastq.gz	blood
SRR497708.fastq.gz	blood
SRR497709.fastq.gz	blood
SRR499844.fastq.gz	brain
SRR500125.fastq.gz	brain
SRR500875.fastq.gz	breast
SRR500876.fastq.gz	breast
SRR500877.fastq.gz	breast
SRR500878.fastq.gz	breast
SRR500879.fastq.gz	breast
SRR500880.fastq.gz	breast
SRR500881.fastq.gz	breast
SRR500882.fastq.gz	breast
SRR500883.fastq.gz	breast
SRR500884.fastq.gz	breast
SRR500885.fastq.gz	breast
SRR500886.fastq.gz	breast
SRR500887.fastq.gz	breast
SRR500888.fastq.gz	breast
SRR500889.fastq.gz	breast
SRR500890.fastq.gz	breast
SRR515313.fastq.gz	blood
SRR518946.fastq.gz	breast
SRR518952.fastq.gz	breast
SRR518953.fastq.gz	breast
SRR518954.fastq.gz	breast
SRR518955.fastq.gz	breast
SRR518956.fastq.gz	breast
SRR518957.fastq.gz	breast
SRR522063.fastq.gz	brain
SRR522064.fastq.gz	brain
SRR522065.fastq.gz	brain
SRR522066.fastq.gz	brain
SRR522067.fastq.gz	brain
SRR522068.fastq.gz	brain
SRR522069.fastq.gz	brain
SRR522070.fastq.gz	brain
SRR522071.fastq.gz	brain
SRR522072.fastq.gz	brain
SRR522073.fastq.gz	brain
SRR522074.fastq.gz	brain
SRR522075.fastq.gz	brain
SRR522076.fastq.gz	brain
SRR522077.fastq.gz	brain
SRR522078.fastq.gz	brain
SRR522081.fastq.gz	brain
SRR522082.fastq.gz	brain
SRR522083.fastq.gz	brain
SRR522084.fastq.gz	brain
SRR522085.fastq.gz	brain
SRR522086.fastq.gz	brain
SRR522087.fastq.gz	brain
SRR522088.fastq.gz	brain
SRR522114.fastq.gz	brain
SRR522115.fastq.gz	brain
SRR522116.fastq.gz	brain
SRR522117.fastq.gz	brain
SRR522120.fastq.gz	brain
SRR522121.fastq.gz	brain
SRR522122.fastq.gz	brain
SRR522123.fastq.gz	brain
SRR522124.fastq.gz	brain
SRR522125.fastq.gz	brain
SRR522126.fastq.gz	brain
SRR522127.fastq.gz	brain
SRR522128.fastq.gz	brain
SRR522129.fastq.gz	brain
SRR522130.fastq.gz	brain
SRR522131.fastq.gz	brain
SRR522132.fastq.gz	brain
SRR522133.fastq.gz	brain
SRR522134.fastq.gz	brain
SRR522135.fastq.gz	brain
SRR522136.fastq.gz	brain
SRR522137.fastq.gz	brain
SRR522138.fastq.gz	brain
SRR522139.fastq.gz	brain
SRR522140.fastq.gz	brain
SRR522141.fastq.gz	brain
SRR522142.fastq.gz	brain
SRR522143.fastq.gz	brain
SRR522144.fastq.gz	brain
SRR522145.fastq.gz	brain
SRR522146.fastq.gz	brain
SRR522147.fastq.gz	brain
SRR522148.fastq.gz	brain
SRR522149.fastq.gz	brain
SRR522150.fastq.gz	brain
SRR527729.fastq.gz	brain
SRR527730.fastq.gz	brain
SRR553478.fastq.gz	breast
SRR553479.fastq.gz	breast
SRR553480.fastq.gz	breast
SRR553481.fastq.gz	breast
SRR553482.fastq.gz	breast
SRR553483.fastq.gz	breast
SRR557138.fastq.gz	blood
SRR563525.fastq.gz	brain
SRR563526.fastq.gz	brain
SRR563527.fastq.gz	brain
SRR563528.fastq.gz	brain
SRR563529.fastq.gz	brain
SRR563530.fastq.gz	brain
SRR563531.fastq.gz	brain
SRR563532.fastq.gz	brain
SRR563533.fastq.gz	brain
SRR563534.fastq.gz	brain
SRR563535.fastq.gz	brain
SRR563536.fastq.gz	brain
SRR563537.fastq.gz	brain
SRR563538.fastq.gz	brain
SRR563539.fastq.gz	brain
SRR563540.fastq.gz	brain
SRR563541.fastq.gz	brain
SRR563542.fastq.gz	brain
SRR563543.fastq.gz	brain
SRR563544.fastq.gz	brain
SRR563545.fastq.gz	brain
SRR563546.fastq.gz	brain
SRR563547.fastq.gz	brain
SRR563548.fastq.gz	brain
SRR563549.fastq.gz	brain
SRR563550.fastq.gz	brain
SRR563551.fastq.gz	brain
SRR563552.fastq.gz	brain
SRR563553.fastq.gz	brain
SRR563554.fastq.gz	brain
SRR563555.fastq.gz	brain
SRR563556.fastq.gz	brain
SRR563557.fastq.gz	brain
SRR566986.fastq.gz	blood
SRR566987.fastq.gz	blood
SRR566988.fastq.gz	blood
SRR566989.fastq.gz	blood
SRR566990.fastq.gz	blood
SRR566991.fastq.gz	blood
SRR566992.fastq.gz	blood
SRR566993.fastq.gz	blood
SRR566994.fastq.gz	blood
SRR566995.fastq.gz	blood
SRR566996.fastq.gz	blood
SRR566997.fastq.gz	blood
SRR566998.fastq.gz	blood
SRR566999.fastq.gz	blood
SRR567000.fastq.gz	blood
SRR567001.fastq.gz	blood
SRR567002.fastq.gz	blood
SRR567003.fastq.gz	blood
SRR567004.fastq.gz	blood
SRR567005.fastq.gz	blood
SRR567006.fastq.gz	blood
SRR567007.fastq.gz	blood
SRR567008.fastq.gz	blood
SRR567009.fastq.gz	blood
SRR567010.fastq.gz	blood
SRR567011.fastq.gz	blood
SRR567012.fastq.gz	blood
SRR567013.fastq.gz	blood
SRR567014.fastq.gz	blood
SRR567015.fastq.gz	blood
SRR567016.fastq.gz	blood
SRR567017.fastq.gz	blood
SRR567018.fastq.gz	blood
SRR567019.fastq.gz	blood
SRR567020.fastq.gz	blood
SRR567021.fastq.gz	blood
SRR567022.fastq.gz	blood
SRR567023.fastq.gz	blood
SRR567024.fastq.gz	blood
SRR567025.fastq.gz	blood
SRR567026.fastq.gz	blood
SRR567027.fastq.gz	blood
SRR567028.fastq.gz	blood
SRR567029.fastq.gz	blood
SRR567030.fastq.gz	blood
SRR567031.fastq.gz	blood
SRR567032.fastq.gz	blood
SRR567033.fastq.gz	blood
SRR567034.fastq.gz	blood
SRR567035.fastq.gz	blood
SRR567036.fastq.gz	blood
SRR567037.fastq.gz	blood
SRR567038.fastq.gz	blood
SRR567039.fastq.gz	blood
SRR567040.fastq.gz	blood
SRR567041.fastq.gz	blood
SRR567042.fastq.gz	blood
SRR567043.fastq.gz	blood
SRR567044.fastq.gz	blood
SRR567045.fastq.gz	blood
SRR567046.fastq.gz	blood
SRR567047.fastq.gz	blood
SRR567048.fastq.gz	blood
SRR567049.fastq.gz	blood
SRR567050.fastq.gz	blood
SRR567051.fastq.gz	blood
SRR567052.fastq.gz	blood
SRR567053.fastq.gz	blood
SRR567054.fastq.gz	blood
SRR567055.fastq.gz	blood
SRR567056.fastq.gz	blood
SRR567057.fastq.gz	blood
SRR567058.fastq.gz	blood
SRR567059.fastq.gz	blood
SRR567060.fastq.gz	blood
SRR567061.fastq.gz	blood
SRR567062.fastq.gz	blood
SRR567063.fastq.gz	blood
SRR567064.fastq.gz	blood
SRR567065.fastq.gz	blood
SRR567066.fastq.gz	blood
SRR567067.fastq.gz	blood
SRR567068.fastq.gz	blood
SRR567069.fastq.gz	blood
SRR567070.fastq.gz	blood
SRR567071.fastq.gz	blood
SRR567072.fastq.gz	blood
SRR567073.fastq.gz	blood
SRR567074.fastq.gz	blood
SRR567075.fastq.gz	blood
SRR567076.fastq.gz	blood
SRR567077.fastq.gz	blood
SRR567078.fastq.gz	blood
SRR567079.fastq.gz	blood
SRR567080.fastq.gz	blood
SRR567081.fastq.gz	blood
SRR567082.fastq.gz	blood
SRR567083.fastq.gz	blood
SRR567084.fastq.gz	blood
SRR567085.fastq.gz	blood
SRR567086.fastq.gz	blood
SRR567087.fastq.gz	blood
SRR567088.fastq.gz	blood
SRR567089.fastq.gz	blood
SRR567090.fastq.gz	blood
SRR567091.fastq.gz	blood
SRR567092.fastq.gz	blood
SRR567093.fastq.gz	blood
SRR567094.fastq.gz	blood
SRR567095.fastq.gz	blood
SRR567096.fastq.gz	blood
SRR567097.fastq.gz	blood
SRR567098.fastq.gz	blood
SRR567099.fastq.gz	blood
SRR567100.fastq.gz	blood
SRR567101.fastq.gz	blood
SRR567102.fastq.gz	blood
SRR567103.fastq.gz	blood
SRR567104.fastq.gz	blood
SRR567105.fastq.gz	blood
SRR567106.fastq.gz	blood
SRR567107.fastq.gz	blood
SRR567108.fastq.gz	blood
SRR567109.fastq.gz	blood
SRR567110.fastq.gz	blood
SRR567111.fastq.gz	blood
SRR567112.fastq.gz	blood
SRR567113.fastq.gz	blood
SRR567114.fastq.gz	blood
SRR567115.fastq.gz	blood
SRR567116.fastq.gz	blood
SRR567117.fastq.gz	blood
SRR567118.fastq.gz	blood
SRR567119.fastq.gz	blood
SRR567120.fastq.gz	blood
SRR567121.fastq.gz	blood
SRR567122.fastq.gz	blood
SRR567123.fastq.gz	blood
SRR567124.fastq.gz	blood
SRR567125.fastq.gz	blood
SRR567126.fastq.gz	blood
SRR567127.fastq.gz	blood
SRR567128.fastq.gz	blood
SRR567129.fastq.gz	blood
SRR567130.fastq.gz	blood
SRR567131.fastq.gz	blood
SRR567132.fastq.gz	blood
SRR567133.fastq.gz	blood
SRR567134.fastq.gz	blood
SRR567135.fastq.gz	blood
SRR567136.fastq.gz	blood
SRR567137.fastq.gz	blood
SRR567138.fastq.gz	blood
SRR567139.fastq.gz	blood
SRR567140.fastq.gz	blood
SRR567141.fastq.gz	blood
SRR567142.fastq.gz	blood
SRR567143.fastq.gz	blood
SRR567144.fastq.gz	blood
SRR567145.fastq.gz	blood
SRR567146.fastq.gz	blood
SRR567147.fastq.gz	blood
SRR567148.fastq.gz	blood
SRR567149.fastq.gz	blood
SRR567150.fastq.gz	blood
SRR567151.fastq.gz	blood
SRR567152.fastq.gz	blood
SRR567153.fastq.gz	blood
SRR567154.fastq.gz	blood
SRR567155.fastq.gz	blood
SRR567156.fastq.gz	blood
SRR567157.fastq.gz	blood
SRR567158.fastq.gz	blood
SRR567159.fastq.gz	blood
SRR567160.fastq.gz	blood
SRR567161.fastq.gz	blood
SRR597814.fastq.gz	blood
SRR643766.fastq.gz	blood
SRR644513.fastq.gz	blood
SRR645769.fastq.gz	breast
SRR645770.fastq.gz	breast
SRR645771.fastq.gz	breast
SRR645772.fastq.gz	breast
SRR645773.fastq.gz	breast
SRR645774.fastq.gz	breast
SRR645775.fastq.gz	breast
SRR645776.fastq.gz	breast
SRR645777.fastq.gz	breast
SRR645778.fastq.gz	breast
SRR645779.fastq.gz	breast
SRR645780.fastq.gz	breast
SRR645781.fastq.gz	breast
SRR645782.fastq.gz	breast
SRR645783.fastq.gz	breast
SRR646457.fastq.gz	brain
SRR646458.fastq.gz	brain
SRR646459.fastq.gz	brain
SRR646460.fastq.gz	brain
SRR649360.fastq.gz	brain
SRR649361.fastq.gz	brain
SRR649362.fastq.gz	brain
SRR649363.fastq.gz	brain
SRR649364.fastq.gz	brain
SRR650317.fastq.gz	brain
SRR654040.fastq.gz	blood
SRR654041.fastq.gz	blood
SRR654042.fastq.gz	blood
SRR654043.fastq.gz	blood
SRR764776.fastq.gz	blood
SRR764777.fastq.gz	blood
SRR764778.fastq.gz	blood
SRR764779.fastq.gz	blood
SRR764780.fastq.gz	blood
SRR764781.fastq.gz	blood
SRR764782.fastq.gz	blood
SRR764783.fastq.gz	blood
SRR764784.fastq.gz	blood
SRR764785.fastq.gz	blood
SRR764786.fastq.gz	blood
SRR764787.fastq.gz	blood
SRR764788.fastq.gz	blood
SRR764789.fastq.gz	blood
SRR764790.fastq.gz	blood
SRR764791.fastq.gz	blood
SRR764792.fastq.gz	blood
SRR764793.fastq.gz	blood
SRR764794.fastq.gz	blood
SRR764795.fastq.gz	blood
SRR764796.fastq.gz	blood
SRR764797.fastq.gz	blood
SRR764798.fastq.gz	blood
SRR764799.fastq.gz	blood
SRR764800.fastq.gz	blood
SRR764801.fastq.gz	blood
SRR764802.fastq.gz	blood
SRR764803.fastq.gz	blood
SRR764804.fastq.gz	blood
SRR764805.fastq.gz	blood
SRR764806.fastq.gz	blood
SRR764807.fastq.gz	blood
SRR764808.fastq.gz	blood
SRR764809.fastq.gz	blood
SRR764810.fastq.gz	blood
SRR764811.fastq.gz	blood
SRR764812.fastq.gz	blood
SRR764813.fastq.gz	blood
SRR764814.fastq.gz	blood
SRR764815.fastq.gz	blood
SRR764816.fastq.gz	blood
SRR764817.fastq.gz	blood
SRR770714.fastq.gz	breast
SRR770715.fastq.gz	breast
SRR770716.fastq.gz	breast
SRR772114.fastq.gz	blood
SRR776494.fastq.gz	breast
SRR776495.fastq.gz	breast
SRR776496.fastq.gz	breast
SRR786614.fastq.gz	brain
SRR786615.fastq.gz	brain
SRR786616.fastq.gz	brain
SRR786617.fastq.gz	brain
SRR786618.fastq.gz	brain
SRR786619.fastq.gz	brain
SRR786620.fastq.gz	brain
SRR786621.fastq.gz	brain
SRR786622.fastq.gz	brain
SRR786623.fastq.gz	brain
SRR786624.fastq.gz	brain
SRR786625.fastq.gz	brain
SRR786626.fastq.gz	brain
SRR786627.fastq.gz	brain
SRR791043.fastq.gz	breast
SRR791044.fastq.gz	breast
SRR791045.fastq.gz	breast
SRR791046.fastq.gz	breast
SRR791047.fastq.gz	breast
SRR791048.fastq.gz	breast
SRR791049.fastq.gz	breast
SRR791050.fastq.gz	breast
SRR791051.fastq.gz	breast
SRR791052.fastq.gz	breast
SRR791053.fastq.gz	breast
SRR791054.fastq.gz	breast
SRR791055.fastq.gz	breast
SRR791056.fastq.gz	breast
SRR791057.fastq.gz	breast
SRR791058.fastq.gz	breast
SRR791059.fastq.gz	breast
SRR791060.fastq.gz	breast
SRR791061.fastq.gz	breast
SRR791062.fastq.gz	breast
SRR791063.fastq.gz	breast
SRR791064.fastq.gz	breast
SRR791065.fastq.gz	breast
SRR791066.fastq.gz	breast
SRR791067.fastq.gz	breast
SRR791068.fastq.gz	breast
SRR791069.fastq.gz	breast
SRR791070.fastq.gz	breast
SRR791071.fastq.gz	breast
SRR791072.fastq.gz	breast
SRR791073.fastq.gz	breast
SRR791074.fastq.gz	breast
SRR791578.fastq.gz	blood
SRR791579.fastq.gz	blood
SRR791580.fastq.gz	blood
SRR791581.fastq.gz	blood
SRR791582.fastq.gz	blood
SRR791583.fastq.gz	blood
SRR791584.fastq.gz	blood
SRR791585.fastq.gz	blood
SRR791586.fastq.gz	blood
SRR805725.fastq.gz	blood
SRR805726.fastq.gz	blood
SRR805727.fastq.gz	blood
SRR805728.fastq.gz	blood
SRR805729.fastq.gz	blood
SRR805730.fastq.gz	blood
SRR805731.fastq.gz	blood
SRR805732.fastq.gz	blood
SRR805733.fastq.gz	blood
SRR805734.fastq.gz	blood
SRR805735.fastq.gz	blood
SRR805736.fastq.gz	blood
SRR805737.fastq.gz	blood
SRR805738.fastq.gz	blood
SRR805739.fastq.gz	blood
SRR805740.fastq.gz	blood
SRR805741.fastq.gz	blood
SRR805742.fastq.gz	blood
SRR805743.fastq.gz	blood
SRR805744.fastq.gz	blood
SRR805745.fastq.gz	blood
SRR805746.fastq.gz	blood
SRR805747.fastq.gz	blood
SRR805748.fastq.gz	blood
SRR805749.fastq.gz	blood
SRR805750.fastq.gz	blood
SRR805751.fastq.gz	blood
SRR805752.fastq.gz	blood
SRR805753.fastq.gz	blood
SRR805754.fastq.gz	blood
SRR805755.fastq.gz	blood
SRR805756.fastq.gz	blood
SRR805757.fastq.gz	blood
SRR805758.fastq.gz	blood
SRR805759.fastq.gz	blood
SRR805760.fastq.gz	blood
SRR805761.fastq.gz	blood
SRR805762.fastq.gz	blood
SRR805763.fastq.gz	blood
SRR805764.fastq.gz	blood
SRR805765.fastq.gz	blood
SRR805766.fastq.gz	blood
SRR805767.fastq.gz	blood
SRR805768.fastq.gz	blood
SRR805769.fastq.gz	blood
SRR805770.fastq.gz	blood
SRR805771.fastq.gz	blood
SRR805772.fastq.gz	blood
SRR805773.fastq.gz	blood
SRR805774.fastq.gz	blood
SRR805775.fastq.gz	blood
SRR805776.fastq.gz	blood
SRR805777.fastq.gz	blood
SRR805778.fastq.gz	blood
SRR805779.fastq.gz	blood
SRR805780.fastq.gz	blood
SRR805781.fastq.gz	blood
SRR805782.fastq.gz	blood
SRR805783.fastq.gz	blood
SRR805784.fastq.gz	blood
SRR805785.fastq.gz	blood
SRR805786.fastq.gz	blood
SRR805787.fastq.gz	blood
SRR805788.fastq.gz	blood
SRR805789.fastq.gz	blood
SRR805790.fastq.gz	blood
SRR805791.fastq.gz	blood
SRR805792.fastq.gz	blood
SRR805793.fastq.gz	blood
SRR805794.fastq.gz	blood
SRR805795.fastq.gz	blood
SRR805796.fastq.gz	blood
SRR805797.fastq.gz	blood
SRR805798.fastq.gz	blood
SRR805799.fastq.gz	blood
SRR805800.fastq.gz	blood
SRR805801.fastq.gz	blood
SRR805802.fastq.gz	blood
SRR805803.fastq.gz	blood
SRR805804.fastq.gz	blood
SRR805805.fastq.gz	blood
SRR805806.fastq.gz	blood
SRR805807.fastq.gz	blood
SRR805808.fastq.gz	blood
SRR805809.fastq.gz	blood
SRR805810.fastq.gz	blood
SRR805811.fastq.gz	blood
SRR805812.fastq.gz	blood
SRR805813.fastq.gz	blood
SRR805814.fastq.gz	blood
SRR805815.fastq.gz	blood
SRR805816.fastq.gz	blood
SRR805817.fastq.gz	blood
SRR805818.fastq.gz	blood
SRR805819.fastq.gz	blood
SRR805820.fastq.gz	blood
SRR805821.fastq.gz	blood
SRR805822.fastq.gz	blood
SRR805823.fastq.gz	blood
SRR805824.fastq.gz	blood
SRR805825.fastq.gz	blood
SRR805826.fastq.gz	blood
SRR805827.fastq.gz	blood
SRR805828.fastq.gz	blood
SRR805829.fastq.gz	blood
SRR805830.fastq.gz	blood
SRR805831.fastq.gz	blood
SRR805832.fastq.gz	blood
SRR805833.fastq.gz	blood
SRR805834.fastq.gz	blood
SRR805877.fastq.gz	breast
SRR805878.fastq.gz	breast
SRR805879.fastq.gz	breast
SRR805880.fastq.gz	breast
SRR805881.fastq.gz	breast
SRR805882.fastq.gz	breast
SRR805883.fastq.gz	breast
SRR805884.fastq.gz	breast
SRR805885.fastq.gz	breast
SRR805886.fastq.gz	breast
SRR805887.fastq.gz	breast
SRR805888.fastq.gz	breast
SRR805889.fastq.gz	breast
SRR805890.fastq.gz	breast
SRR808400.fastq.gz	breast
SRR808401.fastq.gz	breast
SRR808402.fastq.gz	breast
SRR808403.fastq.gz	breast
SRR808404.fastq.gz	breast
SRR808405.fastq.gz	breast
SRR827457.fastq.gz	blood
SRR827458.fastq.gz	blood
SRR827459.fastq.gz	blood
SRR827460.fastq.gz	blood
SRR827461.fastq.gz	blood
SRR827462.fastq.gz	blood
SRR827463.fastq.gz	blood
SRR827464.fastq.gz	blood
SRR827465.fastq.gz	blood
SRR827466.fastq.gz	blood
SRR827467.fastq.gz	blood
SRR827468.fastq.gz	blood
SRR827469.fastq.gz	blood
SRR827470.fastq.gz	blood
SRR827471.fastq.gz	blood
SRR827472.fastq.gz	blood
SRR827473.fastq.gz	blood
SRR827474.fastq.gz	blood
SRR827475.fastq.gz	blood
SRR827476.fastq.gz	blood
SRR827477.fastq.gz	blood
SRR827478.fastq.gz	blood
SRR827479.fastq.gz	blood
SRR827480.fastq.gz	blood
SRR827481.fastq.gz	blood
SRR827482.fastq.gz	blood
SRR827483.fastq.gz	blood
SRR827484.fastq.gz	blood
SRR827485.fastq.gz	blood
SRR827486.fastq.gz	blood
SRR833713.fastq.gz	blood
SRR833714.fastq.gz	blood
SRR833715.fastq.gz	blood
SRR836285.fastq.gz	brain
SRR836286.fastq.gz	brain
SRR836287.fastq.gz	brain
SRR836288.fastq.gz	brain
SRR836289.fastq.gz	brain
SRR837437.fastq.gz	blood
SRR837438.fastq.gz	blood
SRR837439.fastq.gz	blood
SRR837440.fastq.gz	blood
SRR837441.fastq.gz	blood
SRR837442.fastq.gz	blood
SRR837443.fastq.gz	blood
SRR837444.fastq.gz	blood
SRR837445.fastq.gz	blood
SRR837446.fastq.gz	blood
SRR837447.fastq.gz	blood
SRR837448.fastq.gz	blood
SRR837449.fastq.gz	blood
SRR837450.fastq.gz	blood
SRR837451.fastq.gz	blood
SRR837452.fastq.gz	blood
SRR837453.fastq.gz	blood
SRR837454.fastq.gz	blood
SRR837455.fastq.gz	blood
SRR837456.fastq.gz	blood
SRR837457.fastq.gz	blood
SRR837458.fastq.gz	blood
SRR837459.fastq.gz	blood
SRR837460.fastq.gz	blood
SRR837461.fastq.gz	blood
SRR837462.fastq.gz	blood
SRR837463.fastq.gz	blood
SRR837464.fastq.gz	blood
SRR837465.fastq.gz	blood
SRR837466.fastq.gz	blood
SRR837467.fastq.gz	blood
SRR837468.fastq.gz	blood
SRR837469.fastq.gz	blood
SRR837470.fastq.gz	blood
SRR837471.fastq.gz	blood
SRR837472.fastq.gz	blood
SRR837473.fastq.gz	blood
SRR837474.fastq.gz	blood
SRR837475.fastq.gz	blood
SRR837476.fastq.gz	blood
SRR837477.fastq.gz	blood
SRR837478.fastq.gz	blood
SRR837479.fastq.gz	blood
SRR837480.fastq.gz	blood
SRR837481.fastq.gz	blood
SRR837482.fastq.gz	blood
SRR837483.fastq.gz	blood
SRR837484.fastq.gz	blood
SRR837485.fastq.gz	blood
SRR837486.fastq.gz	blood
SRR837487.fastq.gz	blood
SRR837488.fastq.gz	blood
SRR837489.fastq.gz	blood
SRR837490.fastq.gz	blood
SRR837491.fastq.gz	blood
SRR837492.fastq.gz	blood
SRR837493.fastq.gz	blood
SRR837494.fastq.gz	blood
SRR837495.fastq.gz	blood
SRR837496.fastq.gz	blood
SRR837497.fastq.gz	blood
SRR837498.fastq.gz	blood
SRR837499.fastq.gz	blood
SRR837500.fastq.gz	blood
SRR837501.fastq.gz	blood
SRR837502.fastq.gz	blood
SRR837503.fastq.gz	blood
SRR837504.fastq.gz	blood
SRR837505.fastq.gz	blood
SRR837506.fastq.gz	blood
SRR846935.fastq.gz	blood
SRR846936.fastq.gz	blood
SRR846937.fastq.gz	blood
SRR846938.fastq.gz	blood
SRR846939.fastq.gz	blood
SRR846940.fastq.gz	blood
SRR846941.fastq.gz	blood
SRR846942.fastq.gz	blood
SRR846943.fastq.gz	blood
SRR846944.fastq.gz	blood
SRR846945.fastq.gz	blood
SRR846946.fastq.gz	blood
SRR846947.fastq.gz	blood
SRR846948.fastq.gz	blood
SRR846949.fastq.gz	blood
SRR846950.fastq.gz	blood
SRR846951.fastq.gz	blood
SRR846952.fastq.gz	blood
SRR846953.fastq.gz	blood
SRR846954.fastq.gz	blood
SRR846955.fastq.gz	blood
SRR846956.fastq.gz	blood
SRR846957.fastq.gz	blood
SRR846958.fastq.gz	blood
SRR846959.fastq.gz	blood
SRR847514.fastq.gz	blood
SRR847515.fastq.gz	blood
SRR847516.fastq.gz	blood
SRR847517.fastq.gz	blood
SRR863546.fastq.gz	blood
SRR863547.fastq.gz	blood
SRR867127.fastq.gz	breast
SRR867128.fastq.gz	breast
SRR867129.fastq.gz	breast
SRR867130.fastq.gz	breast
SRR882017.fastq.gz	breast
SRR921934.fastq.gz	brain
SRR921935.fastq.gz	brain
SRR921936.fastq.gz	brain
SRR921937.fastq.gz	brain
SRR921938.fastq.gz	brain
SRR921939.fastq.gz	brain
SRR921940.fastq.gz	brain
SRR921941.fastq.gz	brain
SRR921942.fastq.gz	brain
SRR921943.fastq.gz	brain
SRR921944.fastq.gz	brain
SRR921945.fastq.gz	brain
SRR921946.fastq.gz	brain
SRR921947.fastq.gz	brain
SRR921948.fastq.gz	brain
SRR921949.fastq.gz	brain
SRR925687.fastq.gz	breast
SRR925688.fastq.gz	breast
SRR925689.fastq.gz	breast
SRR925690.fastq.gz	breast
SRR925691.fastq.gz	breast
SRR925692.fastq.gz	breast
SRR925693.fastq.gz	breast
SRR925694.fastq.gz	breast
SRR925695.fastq.gz	breast
SRR925696.fastq.gz	breast
SRR925697.fastq.gz	breast
SRR925698.fastq.gz	breast
SRR925699.fastq.gz	breast
SRR925700.fastq.gz	breast
SRR925701.fastq.gz	breast
SRR925702.fastq.gz	breast
SRR925703.fastq.gz	breast
SRR925704.fastq.gz	breast
SRR925705.fastq.gz	breast
SRR925706.fastq.gz	breast
SRR925707.fastq.gz	breast
SRR925708.fastq.gz	breast
SRR925709.fastq.gz	breast
SRR925710.fastq.gz	breast
SRR925711.fastq.gz	breast
SRR925713.fastq.gz	breast
SRR925714.fastq.gz	breast
SRR925715.fastq.gz	breast
SRR925716.fastq.gz	breast
SRR925717.fastq.gz	breast
SRR925718.fastq.gz	breast
SRR925719.fastq.gz	breast
SRR925720.fastq.gz	breast
SRR925721.fastq.gz	breast
SRR925723.fastq.gz	breast
SRR925724.fastq.gz	breast
SRR925725.fastq.gz	breast
SRR925726.fastq.gz	breast
SRR925727.fastq.gz	breast
SRR925728.fastq.gz	breast
SRR925729.fastq.gz	breast
SRR925734.fastq.gz	breast
SRR925735.fastq.gz	breast
SRR925736.fastq.gz	breast
SRR925737.fastq.gz	breast
SRR925740.fastq.gz	breast
SRR925741.fastq.gz	breast
SRR925742.fastq.gz	breast
SRR934631.fastq.gz	breast
SRR934632.fastq.gz	breast
SRR934633.fastq.gz	breast
SRR934634.fastq.gz	breast
SRR934635.fastq.gz	breast
SRR934636.fastq.gz	breast
SRR934637.fastq.gz	breast
SRR934638.fastq.gz	breast
SRR934639.fastq.gz	breast
SRR934640.fastq.gz	breast
SRR934641.fastq.gz	breast
SRR934642.fastq.gz	breast
SRR934643.fastq.gz	breast
SRR934644.fastq.gz	breast
SRR934645.fastq.gz	breast
SRR935375.fastq.gz	blood
SRR935376.fastq.gz	blood
SRR943339.fastq.gz	brain
SRR943340.fastq.gz	brain
SRR943341.fastq.gz	brain
SRR943354.fastq.gz	brain
SRR943357.fastq.gz	brain
SRR943358.fastq.gz	brain
SRR943359.fastq.gz	brain
SRR948734.fastq.gz	breast
SRR948735.fastq.gz	breast
SRR948736.fastq.gz	breast
SRR948737.fastq.gz	breast
SRR948738.fastq.gz	breast
SRR948739.fastq.gz	breast
SRR948740.fastq.gz	breast
SRR948741.fastq.gz	breast
SRR948742.fastq.gz	breast
SRR948743.fastq.gz	breast
SRR948744.fastq.gz	breast
SRR948745.fastq.gz	breast
SRR948746.fastq.gz	breast
SRR948747.fastq.gz	breast
SRR948748.fastq.gz	breast
SRR948749.fastq.gz	breast
SRR948750.fastq.gz	breast
SRR948751.fastq.gz	breast
SRR948752.fastq.gz	breast
SRR948753.fastq.gz	breast
SRR948754.fastq.gz	breast
SRR948755.fastq.gz	breast
SRR948756.fastq.gz	breast
SRR948757.fastq.gz	breast
SRR948758.fastq.gz	breast
SRR948759.fastq.gz	breast
SRR948760.fastq.gz	breast
SRR948761.fastq.gz	breast
SRR948762.fastq.gz	breast
SRR948763.fastq.gz	breast
SRR948764.fastq.gz	breast
SRR948765.fastq.gz	breast
SRR950078.fastq.gz	brain
SRR950079.fastq.gz	brain
SRR950080.fastq.gz	brain
SRR950081.fastq.gz	brain
SRR950082.fastq.gz	brain
SRR950083.fastq.gz	brain
SRR950084.fastq.gz	brain
SRR950085.fastq.gz	brain
SRR950086.fastq.gz	brain
SRR950087.fastq.gz	brain
SRR950876.fastq.gz	brain
SRR950877.fastq.gz	brain
SRR950878.fastq.gz	brain
SRR950879.fastq.gz	brain
SRR950880.fastq.gz	brain
SRR950881.fastq.gz	brain
SRR950882.fastq.gz	brain
SRR950883.fastq.gz	brain
SRR953488.fastq.gz	breast
SRR953489.fastq.gz	breast
SRR953490.fastq.gz	breast
SRR953491.fastq.gz	breast
SRR953492.fastq.gz	breast
SRR953493.fastq.gz	breast
SRR953494.fastq.gz	breast
SRR953495.fastq.gz	breast
SRR953496.fastq.gz	breast
SRR953497.fastq.gz	breast
SRR962597.fastq.gz	blood
SRR962598.fastq.gz	blood
SRR962599.fastq.gz	blood
SRR962600.fastq.gz	blood
SRR962601.fastq.gz	blood
SRR962602.fastq.gz	blood
SRR962603.fastq.gz	blood
SRR962604.fastq.gz	blood
SRR972707.fastq.gz	blood
SRR972708.fastq.gz	blood
SRR972709.fastq.gz	blood
SRR972711.fastq.gz	blood
SRR972712.fastq.gz	blood
SRR972713.fastq.gz	blood
SRR972714.fastq.gz	blood
SRR972715.fastq.gz	blood
SRR972716.fastq.gz	blood
SRR972717.fastq.gz	blood
SRR975411.fastq.gz	blood
SRR975412.fastq.gz	blood
SRR975413.fastq.gz	blood
SRR975414.fastq.gz	blood
SRR975415.fastq.gz	blood
SRR975416.fastq.gz	blood
SRR976738.fastq.gz	blood
SRR976739.fastq.gz	blood
SRR976740.fastq.gz	blood
SRR976741.fastq.gz	blood
SRR976742.fastq.gz	blood
SRR976743.fastq.gz	blood
SRR976744.fastq.gz	blood
SRR976745.fastq.gz	blood
SRR976746.fastq.gz	blood
SRR976747.fastq.gz	blood
SRR976748.fastq.gz	blood
SRR976749.fastq.gz	blood
SRR976750.fastq.gz	blood
SRR976751.fastq.gz	blood
SRR976752.fastq.gz	blood
SRR976753.fastq.gz	blood
SRR976754.fastq.gz	blood
SRR976755.fastq.gz	blood
SRR976756.fastq.gz	blood
SRR976757.fastq.gz	blood
SRR976758.fastq.gz	blood
SRR976759.fastq.gz	blood
SRR976760.fastq.gz	blood
SRR976761.fastq.gz	blood
SRR976762.fastq.gz	blood
SRR976763.fastq.gz	blood
SRR976764.fastq.gz	blood
SRR976765.fastq.gz	blood
SRR976766.fastq.gz	blood
SRR976767.fastq.gz	blood
SRR976768.fastq.gz	blood
SRR976769.fastq.gz	blood
SRR976770.fastq.gz	blood
SRR976771.fastq.gz	blood
SRR976772.fastq.gz	blood
SRR976773.fastq.gz	blood
SRR988499.fastq.gz	blood
SRR988500.fastq.gz	blood
SRR988501.fastq.gz	blood
SRR988502.fastq.gz	blood
SRR988503.fastq.gz	blood
SRR988504.fastq.gz	blood
SRR988505.fastq.gz	blood
SRR988506.fastq.gz	blood
SRR988507.fastq.gz	blood
SRR988508.fastq.gz	blood
SRR988509.fastq.gz	blood
SRR988510.fastq.gz	blood
